{
  "DPVR E4": {
    "Headset Brand": "DPVR",
    "Headset Model": "E4",
    "Lens Configuration": "Native+R120",
    "Concatenated Naming": "DPVR E4 | Native+R120",
    "Unique Database Identifier": 1,
    "FOV hor. (degrees)": 96,
    "FOV ver. (degrees)": 96,
    "FOV diag. (degrees)": 115.03,
    "Overlap (degrees)": 96,
    "HAM (hidden area mask - percentage)": null,
    "Rot LE (view geometry - degrees)": null,
    "Rot RE (view geometry - degrees)": null,
    "FOV H-value (variable)": 96,
    "FOV V-value (variable)": 96,
    "FOV D-Value (variable)": 115.03,
    "FOV Overlap (variable)": 96,
    "Render target size (native) Width": 2204,
    "Render target size (native) Height": 2204,
    "Refresh Rate Max(Hz)": 120,
    "Monitor (Ignore me)": "Not in use yet",
    "SC Attributes FOV": 105,
    "Error Report (SC FOV Cap 120)": false,
    "Raw Calculated Pixel Zoom Minimum": 1,
    "Raw Calculated Pixel Zoom Maximum": 1,
    "Suggested Minimum VorpX Pixel 1:1 Zoom": 1,
    "Suggested Maximum VorpX Pixel 1:1 Zoom": 1,
    "VorpX Config Pixel 1:1 Zoom": 1,
    "Native Horizontal": 2204,
    "Native Vertical": 2204,
    "Native Aspect Ratio": "1:1",
    "4:3 Translation (H-locked) Width": 2204,
    "4:3 Translation (H-locked) Height": 1654,
    "4:3 Translation (V-locked) Width": 2938,
    "4:3 Translation (V-locked) Height": 2204,
    "Custom Resolutions Horizontal Preferred": [
      "552 x 414 (25% Performance - Vertical Safe Mode)",
      "1102 x 828 (50% Performance - Vertical Safe Mode)",
      "1654 x 1240 (75% Balanced Vertical)",
      "2204 x 1654 (100% Balanced Vertical)",
      "2756 x 2068 (125% Quality Vertical)",
      "3306 x 2482 (150% Very High Quality Vertical)",
      "3858 x 2894 (175% Extremely High Quality Vertical)",
      "4408 x 3308 (200% Extremely High Quality Vertical)",
      "734 x 552 (25% Performance - Horizontal Safe Mode)",
      "1470 x 1102 (50% Balanced Horizontal - Preferred)",
      "2204 x 1654 (75% Balanced Horizontal - Preferred)",
      "2938 x 2204 (100% High Quality Horizontal - Preferred)",
      "3672 x 2756 (125% Very High Quality Horizontal - Preferred)",
      "4408 x 3306 (150% Extremely High Quality Horizontal - Preferred)",
      "5142 x 3858 (175% Supreme Quality Horizontal - Preferred)",
      "5876 x 4408 (200% Ultimate Quality Horizontal - Preferred)"
    ]
  },
  "HP Reverb": {
    "Headset Brand": "HP",
    "Headset Model": "Reverb",
    "Lens Configuration": "Native+R90",
    "Concatenated Naming": "HP Reverb | Native+R90",
    "Unique Database Identifier": 2,
    "FOV hor. (degrees)": 95.76,
    "FOV ver. (degrees)": 90.43,
    "FOV diag. (degrees)": 111.78,
    "Overlap (degrees)": 86.99,
    "HAM (hidden area mask - percentage)": 0.0004,
    "Rot LE (view geometry - degrees)": 0.2,
    "Rot RE (view geometry - degrees)": -0.2,
    "FOV H-value (variable)": 95.76,
    "FOV V-value (variable)": 90.43,
    "FOV D-Value (variable)": 111.78,
    "FOV Overlap (variable)": 86.99,
    "Render target size (native) Width": 1608,
    "Render target size (native) Height": 1576,
    "Refresh Rate Max(Hz)": 90,
    "Monitor (Ignore me)": "Not in use yet",
    "SC Attributes FOV": 102,
    "Error Report (SC FOV Cap 120)": false,
    "Raw Calculated Pixel Zoom Minimum": 1.0002,
    "Raw Calculated Pixel Zoom Maximum": 1.0004,
    "Suggested Minimum VorpX Pixel 1:1 Zoom": 1,
    "Suggested Maximum VorpX Pixel 1:1 Zoom": 1,
    "VorpX Config Pixel 1:1 Zoom": 1,
    "Native Horizontal": 1608,
    "Native Vertical": 1576,
    "Native Aspect Ratio": "201:197",
    "4:3 Translation (H-locked) Width": 1608,
    "4:3 Translation (H-locked) Height": 1206,
    "4:3 Translation (V-locked) Width": 2102,
    "4:3 Translation (V-locked) Height": 1576,
    "Custom Resolutions Horizontal Preferred": [
      "402 x 302 (25% Performance - Vertical Safe Mode)",
      "804 x 604 (50% Performance - Vertical Safe Mode)",
      "1206 x 904 (75% Performance - Vertical Safe Mode)",
      "1608 x 1206 (100% Balanced Vertical)",
      "2010 x 1508 (125% Balanced Vertical)",
      "2412 x 1810 (150% Quality Vertical)",
      "2814 x 2110 (175% Quality Vertical)",
      "3216 x 2412 (200% High Quality Vertical)",
      "526 x 394 (25% Performance - Horizontal Safe Mode)",
      "1052 x 788 (50% Performance - Horizontal Safe Mode)",
      "1576 x 1182 (75% Balanced Horizontal - Preferred)",
      "2102 x 1576 (100% Balanced Horizontal - Preferred)",
      "2628 x 1970 (125% Quality Horizontal - Preferred)",
      "3154 x 2364 (150% High Quality Horizontal - Preferred)",
      "3678 x 2758 (175% Very High Quality Horizontal - Preferred)",
      "4204 x 3152 (200% Extremely High Quality Horizontal - Preferred)"
    ]
  },
  "HP Reverb G2": {
    "Headset Brand": "HP",
    "Headset Model": "Reverb G2",
    "Lens Configuration": "Native+R90",
    "Concatenated Naming": "HP Reverb G2 | Native+R90",
    "Unique Database Identifier": 3,
    "FOV hor. (degrees)": 98.85,
    "FOV ver. (degrees)": 90.85,
    "FOV diag. (degrees)": 107.52,
    "Overlap (degrees)": 84.31,
    "HAM (hidden area mask - percentage)": 0.1651,
    "Rot LE (view geometry - degrees)": 0.2,
    "Rot RE (view geometry - degrees)": -0.2,
    "FOV H-value (variable)": 98.85,
    "FOV V-value (variable)": 90.85,
    "FOV D-Value (variable)": 107.52,
    "FOV Overlap (variable)": 84.31,
    "Render target size (native) Width": 2248,
    "Render target size (native) Height": 2192,
    "Refresh Rate Max(Hz)": 90,
    "Monitor (Ignore me)": "Not in use yet",
    "SC Attributes FOV": 105,
    "Error Report (SC FOV Cap 120)": false,
    "Raw Calculated Pixel Zoom Minimum": 1.08255,
    "Raw Calculated Pixel Zoom Maximum": 1.1651,
    "Suggested Minimum VorpX Pixel 1:1 Zoom": 1.085,
    "Suggested Maximum VorpX Pixel 1:1 Zoom": 1.165,
    "VorpX Config Pixel 1:1 Zoom": 1.125,
    "Native Horizontal": 2248,
    "Native Vertical": 2192,
    "Native Aspect Ratio": "281:274",
    "4:3 Translation (H-locked) Width": 2248,
    "4:3 Translation (H-locked) Height": 1686,
    "4:3 Translation (V-locked) Width": 2922,
    "4:3 Translation (V-locked) Height": 2192,
    "Custom Resolutions Horizontal Preferred": [
      "562 x 422 (25% Performance - Vertical Safe Mode)",
      "1124 x 844 (50% Performance - Vertical Safe Mode)",
      "1686 x 1264 (75% Balanced Vertical)",
      "2248 x 1686 (100% Balanced Vertical)",
      "2810 x 2108 (125% Quality Vertical)",
      "3372 x 2530 (150% Very High Quality Vertical)",
      "3934 x 2950 (175% Extremely High Quality Vertical)",
      "4496 x 3372 (200% Extremely High Quality Vertical)",
      "730 x 548 (25% Performance - Horizontal Safe Mode)",
      "1462 x 1096 (50% Balanced Horizontal - Preferred)",
      "2192 x 1644 (75% Balanced Horizontal - Preferred)",
      "2922 x 2192 (100% High Quality Horizontal - Preferred)",
      "3652 x 2740 (125% Very High Quality Horizontal - Preferred)",
      "4384 x 3288 (150% Extremely High Quality Horizontal - Preferred)",
      "5114 x 3836 (175% Supreme Quality Horizontal - Preferred)",
      "5844 x 4384 (200% Ultimate Quality Horizontal - Preferred)"
    ]
  },
  "HTC Vive": {
    "Headset Brand": "HTC",
    "Headset Model": "Vive",
    "Lens Configuration": "Native+R90",
    "Concatenated Naming": "HTC Vive | Native+R90",
    "Unique Database Identifier": 4,
    "FOV hor. (degrees)": 108.77,
    "FOV ver. (degrees)": 111.53,
    "FOV diag. (degrees)": 113.18,
    "Overlap (degrees)": 93.45,
    "HAM (hidden area mask - percentage)": 0.191,
    "Rot LE (view geometry - degrees)": null,
    "Rot RE (view geometry - degrees)": null,
    "FOV H-value (variable)": 108.77,
    "FOV V-value (variable)": 111.53,
    "FOV D-Value (variable)": 113.18,
    "FOV Overlap (variable)": 93.45,
    "Render target size (native) Width": 1852,
    "Render target size (native) Height": 2056,
    "Refresh Rate Max(Hz)": 90,
    "Monitor (Ignore me)": "Not in use yet",
    "SC Attributes FOV": 113,
    "Error Report (SC FOV Cap 120)": false,
    "Raw Calculated Pixel Zoom Minimum": 1.0955,
    "Raw Calculated Pixel Zoom Maximum": 1.191,
    "Suggested Minimum VorpX Pixel 1:1 Zoom": 1.095,
    "Suggested Maximum VorpX Pixel 1:1 Zoom": 1.19,
    "VorpX Config Pixel 1:1 Zoom": 1.145,
    "Native Horizontal": 1852,
    "Native Vertical": 2056,
    "Native Aspect Ratio": "463:514",
    "4:3 Translation (H-locked) Width": 1852,
    "4:3 Translation (H-locked) Height": 1390,
    "4:3 Translation (V-locked) Width": 2742,
    "4:3 Translation (V-locked) Height": 2056,
    "Custom Resolutions Horizontal Preferred": [
      "464 x 348 (25% Performance - Vertical Safe Mode)",
      "926 x 696 (50% Performance - Vertical Safe Mode)",
      "1390 x 1042 (75% Performance - Vertical Safe Mode)",
      "1852 x 1390 (100% Balanced Vertical)",
      "2316 x 1738 (125% Balanced Vertical)",
      "2778 x 2086 (150% Quality Vertical)",
      "3242 x 2432 (175% Very High Quality Vertical)",
      "3704 x 2780 (200% Very High Quality Vertical)",
      "686 x 514 (25% Performance - Horizontal Safe Mode)",
      "1372 x 1028 (50% Performance - Horizontal Safe Mode)",
      "2056 x 1542 (75% Balanced Horizontal - Preferred)",
      "2742 x 2056 (100% Quality Horizontal - Preferred)",
      "3428 x 2570 (125% Very High Quality Horizontal - Preferred)",
      "4114 x 3084 (150% Extremely High Quality Horizontal - Preferred)",
      "4798 x 3598 (175% Extremely High Quality Horizontal - Preferred)",
      "5484 x 4112 (200% Ultimate Quality Horizontal - Preferred)"
    ]
  },
  "HTC Vive Elite": {
    "Headset Brand": "HTC",
    "Headset Model": "Vive Elite",
    "Lens Configuration": "Native+R90",
    "Concatenated Naming": "HTC Vive Elite | Native+R90",
    "Unique Database Identifier": 5,
    "FOV hor. (degrees)": 97.62,
    "FOV ver. (degrees)": 103.03,
    "FOV diag. (degrees)": 109.31,
    "Overlap (degrees)": 79.57,
    "HAM (hidden area mask - percentage)": 0.0914,
    "Rot LE (view geometry - degrees)": null,
    "Rot RE (view geometry - degrees)": null,
    "FOV H-value (variable)": 97.62,
    "FOV V-value (variable)": 103.03,
    "FOV D-Value (variable)": 109.31,
    "FOV Overlap (variable)": 79.57,
    "Render target size (native) Width": 1912,
    "Render target size (native) Height": 2256,
    "Refresh Rate Max(Hz)": 90,
    "Monitor (Ignore me)": "Not in use yet",
    "SC Attributes FOV": 106,
    "Error Report (SC FOV Cap 120)": false,
    "Raw Calculated Pixel Zoom Minimum": 1.0457,
    "Raw Calculated Pixel Zoom Maximum": 1.0914,
    "Suggested Minimum VorpX Pixel 1:1 Zoom": 1.045,
    "Suggested Maximum VorpX Pixel 1:1 Zoom": 1.09,
    "VorpX Config Pixel 1:1 Zoom": 1.07,
    "Native Horizontal": 1912,
    "Native Vertical": 2256,
    "Native Aspect Ratio": "239:282",
    "4:3 Translation (H-locked) Width": 1912,
    "4:3 Translation (H-locked) Height": 1434,
    "4:3 Translation (V-locked) Width": 3008,
    "4:3 Translation (V-locked) Height": 2256,
    "Custom Resolutions Horizontal Preferred": [
      "478 x 358 (25% Performance - Vertical Safe Mode)",
      "956 x 718 (50% Performance - Vertical Safe Mode)",
      "1434 x 1076 (75% Performance - Vertical Safe Mode)",
      "1912 x 1434 (100% Balanced Vertical)",
      "2390 x 1792 (125% Balanced Vertical)",
      "2868 x 2152 (150% Quality Vertical)",
      "3346 x 2510 (175% Very High Quality Vertical)",
      "3824 x 2868 (200% Very High Quality Vertical)",
      "752 x 564 (25% Performance - Horizontal Safe Mode)",
      "1504 x 1128 (50% Balanced Horizontal - Preferred)",
      "2256 x 1692 (75% Balanced Horizontal - Preferred)",
      "3008 x 2256 (100% High Quality Horizontal - Preferred)",
      "3760 x 2820 (125% Very High Quality Horizontal - Preferred)",
      "4512 x 3384 (150% Extremely High Quality Horizontal - Preferred)",
      "5264 x 3948 (175% Supreme Quality Horizontal - Preferred)",
      "6016 x 4512 (200% Hyperion Quality Horizontal - Preferred)"
    ]
  },
  "HTC Vive Focus 3": {
    "Headset Brand": "HTC",
    "Headset Model": "Vive Focus 3",
    "Lens Configuration": "Native+R90",
    "Concatenated Naming": "HTC Vive Focus 3 | Native+R90",
    "Unique Database Identifier": 6,
    "FOV hor. (degrees)": 116.79,
    "FOV ver. (degrees)": 96.57,
    "FOV diag. (degrees)": 126.18,
    "Overlap (degrees)": 79.66,
    "HAM (hidden area mask - percentage)": 0,
    "Rot LE (view geometry - degrees)": null,
    "Rot RE (view geometry - degrees)": null,
    "FOV H-value (variable)": 116.79,
    "FOV V-value (variable)": 96.57,
    "FOV D-Value (variable)": 126.18,
    "FOV Overlap (variable)": 79.66,
    "Render target size (native) Width": 3760,
    "Render target size (native) Height": 3760,
    "Refresh Rate Max(Hz)": 90,
    "Monitor (Ignore me)": "Not in use yet",
    "SC Attributes FOV": 116,
    "Error Report (SC FOV Cap 120)": false,
    "Raw Calculated Pixel Zoom Minimum": 1,
    "Raw Calculated Pixel Zoom Maximum": 1,
    "Suggested Minimum VorpX Pixel 1:1 Zoom": 1,
    "Suggested Maximum VorpX Pixel 1:1 Zoom": 1,
    "VorpX Config Pixel 1:1 Zoom": 1,
    "Native Horizontal": 3760,
    "Native Vertical": 3760,
    "Native Aspect Ratio": "1:1",
    "4:3 Translation (H-locked) Width": 3760,
    "4:3 Translation (H-locked) Height": 2820,
    "4:3 Translation (V-locked) Width": 5014,
    "4:3 Translation (V-locked) Height": 3760,
    "Custom Resolutions Horizontal Preferred": [
      "940 x 706 (25% Performance - Vertical Safe Mode)",
      "1880 x 1410 (50% Balanced Vertical)",
      "2820 x 2116 (75% Quality Vertical)",
      "3760 x 2820 (100% Very High Quality Vertical)",
      "4700 x 3526 (125% Extremely High Quality Vertical)",
      "5640 x 4230 (150% Ultimate Quality Vertical)",
      "6580 x 4936 (175% Hyperion Quality Vertical)",
      "7520 x 5640 (200% CrashMe Mode Vertical)",
      "1254 x 940 (25% Performance - Horizontal Safe Mode)",
      "2508 x 1880 (50% Quality Horizontal - Preferred)",
      "3760 x 2820 (75% Very High Quality Horizontal - Preferred)",
      "5014 x 3760 (100% Supreme Quality Horizontal - Preferred)",
      "6268 x 4700 (125% Hyperion Quality Horizontal - Preferred)",
      "7522 x 5640 (150% Crash Me Mode Horizontal - Preferred)",
      "8774 x 6580 (175% Crash Me Mode Horizontal - Preferred)",
      "10028 x 7520 (200% Crash Me Mode Horizontal - Preferred)"
    ]
  },
  "HTC Vive Pro": {
    "Headset Brand": "HTC",
    "Headset Model": "Vive Pro",
    "Lens Configuration": "Native+R90",
    "Concatenated Naming": "HTC Vive Pro | Native+R90",
    "Unique Database Identifier": 7,
    "FOV hor. (degrees)": 107.06,
    "FOV ver. (degrees)": 107.71,
    "FOV diag. (degrees)": 110.48,
    "Overlap (degrees)": 90.46,
    "HAM (hidden area mask - percentage)": 0.202,
    "Rot LE (view geometry - degrees)": null,
    "Rot RE (view geometry - degrees)": null,
    "FOV H-value (variable)": 107.06,
    "FOV V-value (variable)": 107.71,
    "FOV D-Value (variable)": 110.48,
    "FOV Overlap (variable)": 90.46,
    "Render target size (native) Width": 2468,
    "Render target size (native) Height": 2740,
    "Refresh Rate Max(Hz)": 90,
    "Monitor (Ignore me)": "Not in use yet",
    "SC Attributes FOV": 110,
    "Error Report (SC FOV Cap 120)": false,
    "Raw Calculated Pixel Zoom Minimum": 1.101,
    "Raw Calculated Pixel Zoom Maximum": 1.202,
    "Suggested Minimum VorpX Pixel 1:1 Zoom": 1.1,
    "Suggested Maximum VorpX Pixel 1:1 Zoom": 1.2,
    "VorpX Config Pixel 1:1 Zoom": 1.15,
    "Native Horizontal": 2468,
    "Native Vertical": 2740,
    "Native Aspect Ratio": "617:685",
    "4:3 Translation (H-locked) Width": 2468,
    "4:3 Translation (H-locked) Height": 1852,
    "4:3 Translation (V-locked) Width": 3654,
    "4:3 Translation (V-locked) Height": 2740,
    "Custom Resolutions Horizontal Preferred": [
      "618 x 464 (25% Performance - Vertical Safe Mode)",
      "1234 x 926 (50% Performance - Vertical Safe Mode)",
      "1852 x 1390 (75% Balanced Vertical)",
      "2468 x 1852 (100% Quality Vertical)",
      "3086 x 2316 (125% High Quality Vertical)",
      "3702 x 2778 (150% Very High Quality Vertical)",
      "4320 x 3242 (175% Extremely High Quality Vertical)",
      "4936 x 3704 (200% Supreme Quality Vertical)",
      "914 x 686 (25% Performance - Horizontal Safe Mode)",
      "1828 x 1370 (50% Balanced Horizontal - Preferred)",
      "2740 x 2056 (75% Quality Horizontal - Preferred)",
      "3654 x 2740 (100% Very High Quality Horizontal - Preferred)",
      "4568 x 3426 (125% Extremely High Quality Horizontal - Preferred)",
      "5482 x 4110 (150% Ultimate Quality Horizontal - Preferred)",
      "6394 x 4796 (175% Hyperion Quality Horizontal - Preferred)",
      "7308 x 5480 (200% Crash Me Mode Horizontal - Preferred)"
    ]
  },
  "HTC VIVE Pro 2": {
    "Headset Brand": "HTC",
    "Headset Model": "VIVE Pro 2",
    "Lens Configuration": "Native+R90",
    "Concatenated Naming": "HTC VIVE Pro 2 | Native+R90",
    "Unique Database Identifier": 8,
    "FOV hor. (degrees)": 116.52,
    "FOV ver. (degrees)": 96.49,
    "FOV diag. (degrees)": 113.3,
    "Overlap (degrees)": 79.83,
    "HAM (hidden area mask - percentage)": 0.1003,
    "Rot LE (view geometry - degrees)": null,
    "Rot RE (view geometry - degrees)": null,
    "FOV H-value (variable)": 116.52,
    "FOV V-value (variable)": 96.49,
    "FOV D-Value (variable)": 113.3,
    "FOV Overlap (variable)": 79.83,
    "Render target size (native) Width": 3224,
    "Render target size (native) Height": 3224,
    "Refresh Rate Max(Hz)": 90,
    "Monitor (Ignore me)": "Not in use yet",
    "SC Attributes FOV": 111,
    "Error Report (SC FOV Cap 120)": false,
    "Raw Calculated Pixel Zoom Minimum": 1.05015,
    "Raw Calculated Pixel Zoom Maximum": 1.1003,
    "Suggested Minimum VorpX Pixel 1:1 Zoom": 1.05,
    "Suggested Maximum VorpX Pixel 1:1 Zoom": 1.1,
    "VorpX Config Pixel 1:1 Zoom": 1.075,
    "Native Horizontal": 3224,
    "Native Vertical": 3224,
    "Native Aspect Ratio": "1:1",
    "4:3 Translation (H-locked) Width": 3224,
    "4:3 Translation (H-locked) Height": 2418,
    "4:3 Translation (V-locked) Width": 4298,
    "4:3 Translation (V-locked) Height": 3224,
    "Custom Resolutions Horizontal Preferred": [
      "806 x 604 (25% Performance - Vertical Safe Mode)",
      "1612 x 1210 (50% Balanced Vertical)",
      "2418 x 1814 (75% Quality Vertical)",
      "3224 x 2418 (100% High Quality Vertical)",
      "4030 x 3022 (125% Extremely High Quality Vertical)",
      "4836 x 3628 (150% Supreme Quality Vertical)",
      "5642 x 4232 (175% Ultimate Quality Vertical)",
      "6448 x 4836 (200% Hyperion Quality Vertical)",
      "1074 x 806 (25% Performance - Horizontal Safe Mode)",
      "2150 x 1612 (50% Balanced Horizontal - Preferred)",
      "3224 x 2418 (75% High Quality Horizontal - Preferred)",
      "4298 x 3224 (100% Extremely High Quality Horizontal - Preferred)",
      "5372 x 4030 (125% Supreme Quality Horizontal - Preferred)",
      "6448 x 4836 (150% Hyperion Quality Horizontal - Preferred)",
      "7522 x 5642 (175% Crash Me Mode Horizontal - Preferred)",
      "8596 x 6448 (200% Crash Me Mode Horizontal - Preferred)"
    ]
  },
  "HTC Vive XR Streaming": {
    "Headset Brand": "HTC",
    "Headset Model": "Vive XR Streaming",
    "Lens Configuration": "Native+R90",
    "Concatenated Naming": "HTC Vive XR Streaming | Native+R90",
    "Unique Database Identifier": 9,
    "FOV hor. (degrees)": 102.13,
    "FOV ver. (degrees)": 91.27,
    "FOV diag. (degrees)": 116.04,
    "Overlap (degrees)": 80.93,
    "HAM (hidden area mask - percentage)": 0,
    "Rot LE (view geometry - degrees)": null,
    "Rot RE (view geometry - degrees)": null,
    "FOV H-value (variable)": 102.13,
    "FOV V-value (variable)": 91.27,
    "FOV D-Value (variable)": 116.04,
    "FOV Overlap (variable)": 80.93,
    "Render target size (native) Width": 1728,
    "Render target size (native) Height": 1728,
    "Refresh Rate Max(Hz)": 90,
    "Monitor (Ignore me)": "Not in use yet",
    "SC Attributes FOV": 106,
    "Error Report (SC FOV Cap 120)": false,
    "Raw Calculated Pixel Zoom Minimum": 1,
    "Raw Calculated Pixel Zoom Maximum": 1,
    "Suggested Minimum VorpX Pixel 1:1 Zoom": 1,
    "Suggested Maximum VorpX Pixel 1:1 Zoom": 1,
    "VorpX Config Pixel 1:1 Zoom": 1,
    "Native Horizontal": 1728,
    "Native Vertical": 1728,
    "Native Aspect Ratio": "1:1",
    "4:3 Translation (H-locked) Width": 1728,
    "4:3 Translation (H-locked) Height": 1296,
    "4:3 Translation (V-locked) Width": 2304,
    "4:3 Translation (V-locked) Height": 1728,
    "Custom Resolutions Horizontal Preferred": [
      "432 x 324 (25% Performance - Vertical Safe Mode)",
      "864 x 648 (50% Performance - Vertical Safe Mode)",
      "1296 x 972 (75% Performance - Vertical Safe Mode)",
      "1728 x 1296 (100% Balanced Vertical)",
      "2160 x 1620 (125% Balanced Vertical)",
      "2592 x 1944 (150% Quality Vertical)",
      "3024 x 2268 (175% High Quality Vertical)",
      "3456 x 2592 (200% Very High Quality Vertical)",
      "576 x 432 (25% Performance - Horizontal Safe Mode)",
      "1152 x 864 (50% Performance - Horizontal Safe Mode)",
      "1728 x 1296 (75% Balanced Horizontal - Preferred)",
      "2304 x 1728 (100% Balanced Horizontal - Preferred)",
      "2880 x 2160 (125% High Quality Horizontal - Preferred)",
      "3456 x 2592 (150% Very High Quality Horizontal - Preferred)",
      "4032 x 3024 (175% Extremely High Quality Horizontal - Preferred)",
      "4608 x 3456 (200% Extremely High Quality Horizontal - Preferred)"
    ]
  },
  "Lenovo Explorer": {
    "Headset Brand": "Lenovo",
    "Headset Model": "Explorer",
    "Lens Configuration": "Native+R90",
    "Concatenated Naming": "Lenovo Explorer | Native+R90",
    "Unique Database Identifier": 10,
    "FOV hor. (degrees)": 101.73,
    "FOV ver. (degrees)": 101.2,
    "FOV diag. (degrees)": 103.4,
    "Overlap (degrees)": 100.64,
    "HAM (hidden area mask - percentage)": 0.1774,
    "Rot LE (view geometry - degrees)": -0.8,
    "Rot RE (view geometry - degrees)": 0.8,
    "FOV H-value (variable)": 101.73,
    "FOV V-value (variable)": 101.2,
    "FOV D-Value (variable)": 103.4,
    "FOV Overlap (variable)": 100.64,
    "Render target size (native) Width": 1856,
    "Render target size (native) Height": 1852,
    "Refresh Rate Max(Hz)": 90,
    "Monitor (Ignore me)": "Not in use yet",
    "SC Attributes FOV": 104,
    "Error Report (SC FOV Cap 120)": false,
    "Raw Calculated Pixel Zoom Minimum": 1.0887,
    "Raw Calculated Pixel Zoom Maximum": 1.1774,
    "Suggested Minimum VorpX Pixel 1:1 Zoom": 1.09,
    "Suggested Maximum VorpX Pixel 1:1 Zoom": 1.175,
    "VorpX Config Pixel 1:1 Zoom": 1.135,
    "Native Horizontal": 1856,
    "Native Vertical": 1852,
    "Native Aspect Ratio": "464:463",
    "4:3 Translation (H-locked) Width": 1856,
    "4:3 Translation (H-locked) Height": 1392,
    "4:3 Translation (V-locked) Width": 2470,
    "4:3 Translation (V-locked) Height": 1852,
    "Custom Resolutions Horizontal Preferred": [
      "464 x 348 (25% Performance - Vertical Safe Mode)",
      "928 x 696 (50% Performance - Vertical Safe Mode)",
      "1392 x 1044 (75% Performance - Vertical Safe Mode)",
      "1856 x 1392 (100% Balanced Vertical)",
      "2320 x 1740 (125% Balanced Vertical)",
      "2784 x 2088 (150% Quality Vertical)",
      "3248 x 2436 (175% Very High Quality Vertical)",
      "3712 x 2784 (200% Very High Quality Vertical)",
      "618 x 464 (25% Performance - Horizontal Safe Mode)",
      "1236 x 926 (50% Performance - Horizontal Safe Mode)",
      "1852 x 1390 (75% Balanced Horizontal - Preferred)",
      "2470 x 1852 (100% Quality Horizontal - Preferred)",
      "3088 x 2316 (125% High Quality Horizontal - Preferred)",
      "3706 x 2778 (150% Very High Quality Horizontal - Preferred)",
      "4322 x 3242 (175% Extremely High Quality Horizontal - Preferred)",
      "4940 x 3704 (200% Supreme Quality Horizontal - Preferred)"
    ]
  },
  "Oculus Meta Quest Pro": {
    "Headset Brand": "Oculus",
    "Headset Model": "Meta Quest Pro",
    "Lens Configuration": "Native+R72",
    "Concatenated Naming": "Oculus Meta Quest Pro | Native+R72",
    "Unique Database Identifier": 11,
    "FOV hor. (degrees)": 108,
    "FOV ver. (degrees)": 95.57,
    "FOV diag. (degrees)": 111.24,
    "Overlap (degrees)": 79.72,
    "HAM (hidden area mask - percentage)": 0.1411,
    "Rot LE (view geometry - degrees)": null,
    "Rot RE (view geometry - degrees)": null,
    "FOV H-value (variable)": 108,
    "FOV V-value (variable)": 95.57,
    "FOV D-Value (variable)": 111.24,
    "FOV Overlap (variable)": 79.72,
    "Render target size (native) Width": 2160,
    "Render target size (native) Height": 2224,
    "Refresh Rate Max(Hz)": 72,
    "Monitor (Ignore me)": "Not in use yet",
    "SC Attributes FOV": 108,
    "Error Report (SC FOV Cap 120)": false,
    "Raw Calculated Pixel Zoom Minimum": 1.07055,
    "Raw Calculated Pixel Zoom Maximum": 1.1411,
    "Suggested Minimum VorpX Pixel 1:1 Zoom": 1.07,
    "Suggested Maximum VorpX Pixel 1:1 Zoom": 1.14,
    "VorpX Config Pixel 1:1 Zoom": 1.105,
    "Native Horizontal": 2160,
    "Native Vertical": 2224,
    "Native Aspect Ratio": "135:139",
    "4:3 Translation (H-locked) Width": 2160,
    "4:3 Translation (H-locked) Height": 1620,
    "4:3 Translation (V-locked) Width": 2966,
    "4:3 Translation (V-locked) Height": 2224,
    "Custom Resolutions Horizontal Preferred": [
      "540 x 406 (25% Performance - Vertical Safe Mode)",
      "1080 x 810 (50% Performance - Vertical Safe Mode)",
      "1620 x 1216 (75% Balanced Vertical)",
      "2160 x 1620 (100% Balanced Vertical)",
      "2700 x 2026 (125% Quality Vertical)",
      "3240 x 2430 (150% Very High Quality Vertical)",
      "3780 x 2836 (175% Very High Quality Vertical)",
      "4320 x 3240 (200% Extremely High Quality Vertical)",
      "742 x 556 (25% Performance - Horizontal Safe Mode)",
      "1484 x 1112 (50% Balanced Horizontal - Preferred)",
      "2224 x 1668 (75% Balanced Horizontal - Preferred)",
      "2966 x 2224 (100% High Quality Horizontal - Preferred)",
      "3708 x 2780 (125% Very High Quality Horizontal - Preferred)",
      "4450 x 3336 (150% Extremely High Quality Horizontal - Preferred)",
      "5190 x 3892 (175% Supreme Quality Horizontal - Preferred)",
      "5932 x 4448 (200% Ultimate Quality Horizontal - Preferred)"
    ]
  },
  "Oculus Quest": {
    "Headset Brand": "Oculus",
    "Headset Model": "Quest",
    "Lens Configuration": "Native+R72",
    "Concatenated Naming": "Oculus Quest | Native+R72",
    "Unique Database Identifier": 12,
    "FOV hor. (degrees)": 104,
    "FOV ver. (degrees)": 100,
    "FOV diag. (degrees)": 115.52,
    "Overlap (degrees)": 84,
    "HAM (hidden area mask - percentage)": 0.0569,
    "Rot LE (view geometry - degrees)": null,
    "Rot RE (view geometry - degrees)": null,
    "FOV H-value (variable)": 104,
    "FOV V-value (variable)": 100,
    "FOV D-Value (variable)": 115.52,
    "FOV Overlap (variable)": 84,
    "Render target size (native) Width": 1808,
    "Render target size (native) Height": 2000,
    "Refresh Rate Max(Hz)": 72,
    "Monitor (Ignore me)": "Not in use yet",
    "SC Attributes FOV": 109,
    "Error Report (SC FOV Cap 120)": false,
    "Raw Calculated Pixel Zoom Minimum": 1.02845,
    "Raw Calculated Pixel Zoom Maximum": 1.0569,
    "Suggested Minimum VorpX Pixel 1:1 Zoom": 1.03,
    "Suggested Maximum VorpX Pixel 1:1 Zoom": 1.055,
    "VorpX Config Pixel 1:1 Zoom": 1.045,
    "Native Horizontal": 1808,
    "Native Vertical": 2000,
    "Native Aspect Ratio": "113:125",
    "4:3 Translation (H-locked) Width": 1808,
    "4:3 Translation (H-locked) Height": 1356,
    "4:3 Translation (V-locked) Width": 2666,
    "4:3 Translation (V-locked) Height": 2000,
    "Custom Resolutions Horizontal Preferred": [
      "452 x 340 (25% Performance - Vertical Safe Mode)",
      "904 x 678 (50% Performance - Vertical Safe Mode)",
      "1356 x 1018 (75% Performance - Vertical Safe Mode)",
      "1808 x 1356 (100% Balanced Vertical)",
      "2260 x 1696 (125% Balanced Vertical)",
      "2712 x 2034 (150% Quality Vertical)",
      "3164 x 2374 (175% High Quality Vertical)",
      "3616 x 2712 (200% Very High Quality Vertical)",
      "666 x 500 (25% Performance - Horizontal Safe Mode)",
      "1334 x 1000 (50% Performance - Horizontal Safe Mode)",
      "2000 x 1500 (75% Balanced Horizontal - Preferred)",
      "2666 x 2000 (100% Quality Horizontal - Preferred)",
      "3332 x 2500 (125% Very High Quality Horizontal - Preferred)",
      "4000 x 3000 (150% Extremely High Quality Horizontal - Preferred)",
      "4666 x 3500 (175% Extremely High Quality Horizontal - Preferred)",
      "5332 x 4000 (200% Supreme Quality Horizontal - Preferred)"
    ]
  },
  "Oculus Quest 2": {
    "Headset Brand": "Oculus",
    "Headset Model": "Quest 2",
    "Lens Configuration": "Native+R72",
    "Concatenated Naming": "Oculus Quest 2 | Native+R72",
    "Unique Database Identifier": 13,
    "FOV hor. (degrees)": 104,
    "FOV ver. (degrees)": 98,
    "FOV diag. (degrees)": 113.46,
    "Overlap (degrees)": 90,
    "HAM (hidden area mask - percentage)": 0.0913,
    "Rot LE (view geometry - degrees)": null,
    "Rot RE (view geometry - degrees)": null,
    "FOV H-value (variable)": 104,
    "FOV V-value (variable)": 98,
    "FOV D-Value (variable)": 113.46,
    "FOV Overlap (variable)": 90,
    "Render target size (native) Width": 2352,
    "Render target size (native) Height": 2368,
    "Refresh Rate Max(Hz)": 72,
    "Monitor (Ignore me)": "Not in use yet",
    "SC Attributes FOV": 108,
    "Error Report (SC FOV Cap 120)": false,
    "Raw Calculated Pixel Zoom Minimum": 1.04565,
    "Raw Calculated Pixel Zoom Maximum": 1.0913,
    "Suggested Minimum VorpX Pixel 1:1 Zoom": 1.045,
    "Suggested Maximum VorpX Pixel 1:1 Zoom": 1.09,
    "VorpX Config Pixel 1:1 Zoom": 1.07,
    "Native Horizontal": 2352,
    "Native Vertical": 2368,
    "Native Aspect Ratio": "147:148",
    "4:3 Translation (H-locked) Width": 2352,
    "4:3 Translation (H-locked) Height": 1764,
    "4:3 Translation (V-locked) Width": 3158,
    "4:3 Translation (V-locked) Height": 2368,
    "Custom Resolutions Horizontal Preferred": [
      "588 x 442 (25% Performance - Vertical Safe Mode)",
      "1176 x 882 (50% Performance - Vertical Safe Mode)",
      "1764 x 1324 (75% Balanced Vertical)",
      "2352 x 1764 (100% Balanced Vertical)",
      "2940 x 2206 (125% High Quality Vertical)",
      "3528 x 2646 (150% Very High Quality Vertical)",
      "4116 x 3088 (175% Extremely High Quality Vertical)",
      "4704 x 3528 (200% Extremely High Quality Vertical)",
      "790 x 592 (25% Performance - Horizontal Safe Mode)",
      "1580 x 1184 (50% Balanced Horizontal - Preferred)",
      "2368 x 1776 (75% Balanced Horizontal - Preferred)",
      "3158 x 2368 (100% High Quality Horizontal - Preferred)",
      "3948 x 2960 (125% Extremely High Quality Horizontal - Preferred)",
      "4738 x 3552 (150% Extremely High Quality Horizontal - Preferred)",
      "5526 x 4144 (175% Ultimate Quality Horizontal - Preferred)",
      "6316 x 4736 (200% Hyperion Quality Horizontal - Preferred)"
    ]
  },
  "Oculus Quest 3": {
    "Headset Brand": "Oculus",
    "Headset Model": "Quest 3",
    "Lens Configuration": "Native+R72",
    "Concatenated Naming": "Oculus Quest 3 | Native+R72",
    "Unique Database Identifier": 14,
    "FOV hor. (degrees)": 108,
    "FOV ver. (degrees)": 98.25,
    "FOV diag. (degrees)": 113.3,
    "Overlap (degrees)": 80,
    "HAM (hidden area mask - percentage)": 0.1289,
    "Rot LE (view geometry - degrees)": null,
    "Rot RE (view geometry - degrees)": null,
    "FOV H-value (variable)": 108,
    "FOV V-value (variable)": 98.25,
    "FOV D-Value (variable)": 113.3,
    "FOV Overlap (variable)": 80,
    "Render target size (native) Width": 2064,
    "Render target size (native) Height": 2240,
    "Refresh Rate Max(Hz)": 72,
    "Monitor (Ignore me)": "Not in use yet",
    "SC Attributes FOV": 109,
    "Error Report (SC FOV Cap 120)": false,
    "Raw Calculated Pixel Zoom Minimum": 1.06445,
    "Raw Calculated Pixel Zoom Maximum": 1.1289,
    "Suggested Minimum VorpX Pixel 1:1 Zoom": 1.065,
    "Suggested Maximum VorpX Pixel 1:1 Zoom": 1.13,
    "VorpX Config Pixel 1:1 Zoom": 1.1,
    "Native Horizontal": 2064,
    "Native Vertical": 2240,
    "Native Aspect Ratio": "129:140",
    "4:3 Translation (H-locked) Width": 2064,
    "4:3 Translation (H-locked) Height": 1548,
    "4:3 Translation (V-locked) Width": 2986,
    "4:3 Translation (V-locked) Height": 2240,
    "Custom Resolutions Horizontal Preferred": [
      "516 x 388 (25% Performance - Vertical Safe Mode)",
      "1032 x 774 (50% Performance - Vertical Safe Mode)",
      "1548 x 1162 (75% Balanced Vertical)",
      "2064 x 1548 (100% Balanced Vertical)",
      "2580 x 1936 (125% Quality Vertical)",
      "3096 x 2322 (150% High Quality Vertical)",
      "3612 x 2710 (175% Very High Quality Vertical)",
      "4128 x 3096 (200% Extremely High Quality Vertical)",
      "746 x 560 (25% Performance - Horizontal Safe Mode)",
      "1494 x 1120 (50% Balanced Horizontal - Preferred)",
      "2240 x 1680 (75% Balanced Horizontal - Preferred)",
      "2986 x 2240 (100% High Quality Horizontal - Preferred)",
      "3732 x 2800 (125% Very High Quality Horizontal - Preferred)",
      "4480 x 3360 (150% Extremely High Quality Horizontal - Preferred)",
      "5226 x 3920 (175% Supreme Quality Horizontal - Preferred)",
      "5972 x 4480 (200% Ultimate Quality Horizontal - Preferred)"
    ]
  },
  "Oculus Rift CV1": {
    "Headset Brand": "Oculus",
    "Headset Model": "Rift CV1",
    "Lens Configuration": "Native+R90",
    "Concatenated Naming": "Oculus Rift CV1 | Native+R90",
    "Unique Database Identifier": 15,
    "FOV hor. (degrees)": 87.95,
    "FOV ver. (degrees)": 89.66,
    "FOV diag. (degrees)": 98.07,
    "Overlap (degrees)": 71.15,
    "HAM (hidden area mask - percentage)": 0.1407,
    "Rot LE (view geometry - degrees)": null,
    "Rot RE (view geometry - degrees)": null,
    "FOV H-value (variable)": 87.95,
    "FOV V-value (variable)": 89.66,
    "FOV D-Value (variable)": 98.07,
    "FOV Overlap (variable)": 71.15,
    "Render target size (native) Width": 1344,
    "Render target size (native) Height": 1600,
    "Refresh Rate Max(Hz)": 90,
    "Monitor (Ignore me)": "Not in use yet",
    "SC Attributes FOV": 95,
    "Error Report (SC FOV Cap 120)": false,
    "Raw Calculated Pixel Zoom Minimum": 1.07035,
    "Raw Calculated Pixel Zoom Maximum": 1.1407,
    "Suggested Minimum VorpX Pixel 1:1 Zoom": 1.07,
    "Suggested Maximum VorpX Pixel 1:1 Zoom": 1.14,
    "VorpX Config Pixel 1:1 Zoom": 1.105,
    "Native Horizontal": 1344,
    "Native Vertical": 1600,
    "Native Aspect Ratio": "21:25",
    "4:3 Translation (H-locked) Width": 1344,
    "4:3 Translation (H-locked) Height": 1008,
    "4:3 Translation (V-locked) Width": 2134,
    "4:3 Translation (V-locked) Height": 1600,
    "Custom Resolutions Horizontal Preferred": [
      "336 x 252 (25% Performance - Vertical Safe Mode)",
      "672 x 504 (50% Performance - Vertical Safe Mode)",
      "1008 x 756 (75% Performance - Vertical Safe Mode)",
      "1344 x 1008 (100% Performance - Vertical Safe Mode)",
      "1680 x 1260 (125% Balanced Vertical)",
      "2016 x 1512 (150% Balanced Vertical)",
      "2352 x 1764 (175% Balanced Vertical)",
      "2688 x 2016 (200% Quality Vertical)",
      "534 x 400 (25% Performance - Horizontal Safe Mode)",
      "1068 x 800 (50% Performance - Horizontal Safe Mode)",
      "1600 x 1200 (75% Balanced Horizontal - Preferred)",
      "2134 x 1600 (100% Balanced Horizontal - Preferred)",
      "2668 x 2000 (125% Quality Horizontal - Preferred)",
      "3202 x 2400 (150% High Quality Horizontal - Preferred)",
      "3734 x 2800 (175% Very High Quality Horizontal - Preferred)",
      "4268 x 3200 (200% Extremely High Quality Horizontal - Preferred)"
    ]
  },
  "Oculus Rift S": {
    "Headset Brand": "Oculus",
    "Headset Model": "Rift S",
    "Lens Configuration": "Native+R80",
    "Concatenated Naming": "Oculus Rift S | Native+R80",
    "Unique Database Identifier": 16,
    "FOV hor. (degrees)": 88,
    "FOV ver. (degrees)": 94,
    "FOV diag. (degrees)": 101.95,
    "Overlap (degrees)": 92,
    "HAM (hidden area mask - percentage)": 0.1126,
    "Rot LE (view geometry - degrees)": null,
    "Rot RE (view geometry - degrees)": null,
    "FOV H-value (variable)": 88,
    "FOV V-value (variable)": 94,
    "FOV D-Value (variable)": 101.95,
    "FOV Overlap (variable)": 92,
    "Render target size (native) Width": 1648,
    "Render target size (native) Height": 1776,
    "Refresh Rate Max(Hz)": 80,
    "Monitor (Ignore me)": "Not in use yet",
    "SC Attributes FOV": 97,
    "Error Report (SC FOV Cap 120)": false,
    "Raw Calculated Pixel Zoom Minimum": 1.0563,
    "Raw Calculated Pixel Zoom Maximum": 1.1126,
    "Suggested Minimum VorpX Pixel 1:1 Zoom": 1.055,
    "Suggested Maximum VorpX Pixel 1:1 Zoom": 1.115,
    "VorpX Config Pixel 1:1 Zoom": 1.085,
    "Native Horizontal": 1648,
    "Native Vertical": 1776,
    "Native Aspect Ratio": "103:111",
    "4:3 Translation (H-locked) Width": 1648,
    "4:3 Translation (H-locked) Height": 1236,
    "4:3 Translation (V-locked) Width": 2368,
    "4:3 Translation (V-locked) Height": 1776,
    "Custom Resolutions Horizontal Preferred": [
      "412 x 310 (25% Performance - Vertical Safe Mode)",
      "824 x 618 (50% Performance - Vertical Safe Mode)",
      "1236 x 928 (75% Performance - Vertical Safe Mode)",
      "1648 x 1236 (100% Balanced Vertical)",
      "2060 x 1546 (125% Balanced Vertical)",
      "2472 x 1854 (150% Quality Vertical)",
      "2884 x 2164 (175% High Quality Vertical)",
      "3296 x 2472 (200% Very High Quality Vertical)",
      "592 x 444 (25% Performance - Horizontal Safe Mode)",
      "1184 x 888 (50% Performance - Horizontal Safe Mode)",
      "1776 x 1332 (75% Balanced Horizontal - Preferred)",
      "2368 x 1776 (100% Balanced Horizontal - Preferred)",
      "2960 x 2220 (125% High Quality Horizontal - Preferred)",
      "3552 x 2664 (150% Very High Quality Horizontal - Preferred)",
      "4144 x 3108 (175% Extremely High Quality Horizontal - Preferred)",
      "4736 x 3552 (200% Extremely High Quality Horizontal - Preferred)"
    ]
  },
  "PICO 4": {
    "Headset Brand": "PICO",
    "Headset Model": "4",
    "Lens Configuration": "Native+R90",
    "Concatenated Naming": "PICO 4 | Native+R90",
    "Unique Database Identifier": 17,
    "FOV hor. (degrees)": 104,
    "FOV ver. (degrees)": 104,
    "FOV diag. (degrees)": 122.16,
    "Overlap (degrees)": 104,
    "HAM (hidden area mask - percentage)": null,
    "Rot LE (view geometry - degrees)": null,
    "Rot RE (view geometry - degrees)": null,
    "FOV H-value (variable)": 104,
    "FOV V-value (variable)": 104,
    "FOV D-Value (variable)": 122.16,
    "FOV Overlap (variable)": 104,
    "Render target size (native) Width": 2160,
    "Render target size (native) Height": 2160,
    "Refresh Rate Max(Hz)": 90,
    "Monitor (Ignore me)": "Not in use yet",
    "SC Attributes FOV": 113,
    "Error Report (SC FOV Cap 120)": false,
    "Raw Calculated Pixel Zoom Minimum": 1,
    "Raw Calculated Pixel Zoom Maximum": 1,
    "Suggested Minimum VorpX Pixel 1:1 Zoom": 1,
    "Suggested Maximum VorpX Pixel 1:1 Zoom": 1,
    "VorpX Config Pixel 1:1 Zoom": 1,
    "Native Horizontal": 2160,
    "Native Vertical": 2160,
    "Native Aspect Ratio": "1:1",
    "4:3 Translation (H-locked) Width": 2160,
    "4:3 Translation (H-locked) Height": 1620,
    "4:3 Translation (V-locked) Width": 2880,
    "4:3 Translation (V-locked) Height": 2160,
    "Custom Resolutions Horizontal Preferred": [
      "540 x 406 (25% Performance - Vertical Safe Mode)",
      "1080 x 810 (50% Performance - Vertical Safe Mode)",
      "1620 x 1216 (75% Balanced Vertical)",
      "2160 x 1620 (100% Balanced Vertical)",
      "2700 x 2026 (125% Quality Vertical)",
      "3240 x 2430 (150% Very High Quality Vertical)",
      "3780 x 2836 (175% Very High Quality Vertical)",
      "4320 x 3240 (200% Extremely High Quality Vertical)",
      "720 x 540 (25% Performance - Horizontal Safe Mode)",
      "1440 x 1080 (50% Balanced Horizontal - Preferred)",
      "2160 x 1620 (75% Balanced Horizontal - Preferred)",
      "2880 x 2160 (100% High Quality Horizontal - Preferred)",
      "3600 x 2700 (125% Very High Quality Horizontal - Preferred)",
      "4320 x 3240 (150% Extremely High Quality Horizontal - Preferred)",
      "5040 x 3780 (175% Supreme Quality Horizontal - Preferred)",
      "5760 x 4320 (200% Ultimate Quality Horizontal - Preferred)"
    ]
  },
  "Pico Neo 3": {
    "Headset Brand": "Pico",
    "Headset Model": "Neo 3",
    "Lens Configuration": "Native+R72",
    "Concatenated Naming": "Pico Neo 3 | Native+R72",
    "Unique Database Identifier": 18,
    "FOV hor. (degrees)": 93.87,
    "FOV ver. (degrees)": 93.87,
    "FOV diag. (degrees)": 113.08,
    "Overlap (degrees)": 93.87,
    "HAM (hidden area mask - percentage)": null,
    "Rot LE (view geometry - degrees)": null,
    "Rot RE (view geometry - degrees)": null,
    "FOV H-value (variable)": 93.87,
    "FOV V-value (variable)": 93.87,
    "FOV D-Value (variable)": 113.08,
    "FOV Overlap (variable)": 93.87,
    "Render target size (native) Width": 2748,
    "Render target size (native) Height": 2880,
    "Refresh Rate Max(Hz)": 72,
    "Monitor (Ignore me)": "Not in use yet",
    "SC Attributes FOV": 103,
    "Error Report (SC FOV Cap 120)": false,
    "Raw Calculated Pixel Zoom Minimum": 1,
    "Raw Calculated Pixel Zoom Maximum": 1,
    "Suggested Minimum VorpX Pixel 1:1 Zoom": 1,
    "Suggested Maximum VorpX Pixel 1:1 Zoom": 1,
    "VorpX Config Pixel 1:1 Zoom": 1,
    "Native Horizontal": 2748,
    "Native Vertical": 2880,
    "Native Aspect Ratio": "229:240",
    "4:3 Translation (H-locked) Width": 2748,
    "4:3 Translation (H-locked) Height": 2062,
    "4:3 Translation (V-locked) Width": 3840,
    "4:3 Translation (V-locked) Height": 2880,
    "Custom Resolutions Horizontal Preferred": [
      "688 x 516 (25% Performance - Vertical Safe Mode)",
      "1374 x 1032 (50% Performance - Vertical Safe Mode)",
      "2062 x 1546 (75% Balanced Vertical)",
      "2748 x 2062 (100% Quality Vertical)",
      "3436 x 2578 (125% Very High Quality Vertical)",
      "4122 x 3094 (150% Extremely High Quality Vertical)",
      "4810 x 3608 (175% Supreme Quality Vertical)",
      "5496 x 4124 (200% Ultimate Quality Vertical)",
      "960 x 720 (25% Performance - Horizontal Safe Mode)",
      "1920 x 1440 (50% Balanced Horizontal - Preferred)",
      "2880 x 2160 (75% High Quality Horizontal - Preferred)",
      "3840 x 2880 (100% Extremely High Quality Horizontal - Preferred)",
      "4800 x 3600 (125% Supreme Quality Horizontal - Preferred)",
      "5760 x 4320 (150% Ultimate Quality Horizontal - Preferred)",
      "6720 x 5040 (175% Ludicrous Horizontal - Preferred)",
      "7680 x 5760 (200% Crash Me Mode Horizontal - Preferred)"
    ]
  },
  "Pico Neo2": {
    "Headset Brand": "Pico",
    "Headset Model": "Neo2",
    "Lens Configuration": "Native+R72",
    "Concatenated Naming": "Pico Neo2 | Native+R72",
    "Unique Database Identifier": 19,
    "FOV hor. (degrees)": 101,
    "FOV ver. (degrees)": 101,
    "FOV diag. (degrees)": 119.52,
    "Overlap (degrees)": 101,
    "HAM (hidden area mask - percentage)": null,
    "Rot LE (view geometry - degrees)": null,
    "Rot RE (view geometry - degrees)": null,
    "FOV H-value (variable)": 101,
    "FOV V-value (variable)": 101,
    "FOV D-Value (variable)": 119.52,
    "FOV Overlap (variable)": 101,
    "Render target size (native) Width": 2352,
    "Render target size (native) Height": 2352,
    "Refresh Rate Max(Hz)": 72,
    "Monitor (Ignore me)": "Not in use yet",
    "SC Attributes FOV": 110,
    "Error Report (SC FOV Cap 120)": false,
    "Raw Calculated Pixel Zoom Minimum": 1,
    "Raw Calculated Pixel Zoom Maximum": 1,
    "Suggested Minimum VorpX Pixel 1:1 Zoom": 1,
    "Suggested Maximum VorpX Pixel 1:1 Zoom": 1,
    "VorpX Config Pixel 1:1 Zoom": 1,
    "Native Horizontal": 2352,
    "Native Vertical": 2352,
    "Native Aspect Ratio": "1:1",
    "4:3 Translation (H-locked) Width": 2352,
    "4:3 Translation (H-locked) Height": 1764,
    "4:3 Translation (V-locked) Width": 3136,
    "4:3 Translation (V-locked) Height": 2352,
    "Custom Resolutions Horizontal Preferred": [
      "588 x 442 (25% Performance - Vertical Safe Mode)",
      "1176 x 882 (50% Performance - Vertical Safe Mode)",
      "1764 x 1324 (75% Balanced Vertical)",
      "2352 x 1764 (100% Balanced Vertical)",
      "2940 x 2206 (125% High Quality Vertical)",
      "3528 x 2646 (150% Very High Quality Vertical)",
      "4116 x 3088 (175% Extremely High Quality Vertical)",
      "4704 x 3528 (200% Extremely High Quality Vertical)",
      "784 x 588 (25% Performance - Horizontal Safe Mode)",
      "1568 x 1176 (50% Balanced Horizontal - Preferred)",
      "2352 x 1764 (75% Balanced Horizontal - Preferred)",
      "3136 x 2352 (100% High Quality Horizontal - Preferred)",
      "3920 x 2940 (125% Extremely High Quality Horizontal - Preferred)",
      "4704 x 3528 (150% Extremely High Quality Horizontal - Preferred)",
      "5488 x 4116 (175% Ultimate Quality Horizontal - Preferred)",
      "6272 x 4704 (200% Hyperion Quality Horizontal - Preferred)"
    ]
  },
  "Pimax 5K Plus": {
    "Headset Brand": "Pimax",
    "Headset Model": "5K Plus",
    "Lens Configuration": "Tiny+PP+R90",
    "Concatenated Naming": "Pimax 5K Plus | Tiny+PP+R90",
    "Unique Database Identifier": 35,
    "FOV hor. (degrees)": 100.29,
    "FOV ver. (degrees)": -110.04,
    "FOV diag. (degrees)": 114.2,
    "Overlap (degrees)": 86.79,
    "HAM (hidden area mask - percentage)": 0.1911,
    "Rot LE (view geometry - degrees)": null,
    "Rot RE (view geometry - degrees)": null,
    "FOV H-value (variable)": 100.29,
    "FOV V-value (variable)": 110.04,
    "FOV D-Value (variable)": 114.2,
    "FOV Overlap (variable)": 86.79,
    "Render target size (native) Width": 1776,
    "Render target size (native) Height": 2632,
    "Refresh Rate Max(Hz)": 90,
    "Monitor (Ignore me)": "Not in use yet",
    "SC Attributes FOV": 111,
    "Error Report (SC FOV Cap 120)": false,
    "Raw Calculated Pixel Zoom Minimum": 1.09555,
    "Raw Calculated Pixel Zoom Maximum": 1.1911,
    "Suggested Minimum VorpX Pixel 1:1 Zoom": 1.095,
    "Suggested Maximum VorpX Pixel 1:1 Zoom": 1.19,
    "VorpX Config Pixel 1:1 Zoom": 1.145,
    "Native Horizontal": 1776,
    "Native Vertical": 2632,
    "Native Aspect Ratio": "222:329",
    "4:3 Translation (H-locked) Width": 1776,
    "4:3 Translation (H-locked) Height": 1332,
    "4:3 Translation (V-locked) Width": 3510,
    "4:3 Translation (V-locked) Height": 2632,
    "Custom Resolutions Horizontal Preferred": [
      "854 x 640 (25% Performance - Vertical Safe Mode)",
      "1706 x 1280 (50% Balanced Vertical)",
      "2560 x 1920 (75% Quality Vertical)",
      "3412 x 2560 (100% Very High Quality Vertical)",
      "4266 x 3200 (125% Extremely High Quality Vertical)",
      "5118 x 3840 (150% Supreme Quality Vertical)",
      "5972 x 4480 (175% Ultimate Quality Vertical)",
      "6824 x 5120 (200% Ludicrous Vertical)",
      "702 x 526 (25% Performance - Horizontal Safe Mode)",
      "1404 x 1052 (50% Performance - Horizontal Safe Mode)",
      "2104 x 1578 (75% Balanced Horizontal - Preferred)",
      "2806 x 2104 (100% Quality Horizontal - Preferred)",
      "3508 x 2630 (125% Very High Quality Horizontal - Preferred)",
      "4210 x 3156 (150% Extremely High Quality Horizontal - Preferred)",
      "4910 x 3682 (175% Supreme Quality Horizontal - Preferred)",
      "5612 x 4208 (200% Ultimate Quality Horizontal - Preferred)"
    ]
  },
  "Pimax 8K": {
    "Headset Brand": "Pimax",
    "Headset Model": "8K",
    "Lens Configuration": "Small+PP+R80",
    "Concatenated Naming": "Pimax 8K | Small+PP+R80",
    "Unique Database Identifier": 41,
    "FOV hor. (degrees)": 120.29,
    "FOV ver. (degrees)": -117.12,
    "FOV diag. (degrees)": 124.38,
    "Overlap (degrees)": 86.79,
    "HAM (hidden area mask - percentage)": 0.0873,
    "Rot LE (view geometry - degrees)": null,
    "Rot RE (view geometry - degrees)": null,
    "FOV H-value (variable)": 120.29,
    "FOV V-value (variable)": 117.12,
    "FOV D-Value (variable)": 124.38,
    "FOV Overlap (variable)": 86.79,
    "Render target size (native) Width": 2220,
    "Render target size (native) Height": 2704,
    "Refresh Rate Max(Hz)": 80,
    "Monitor (Ignore me)": "Not in use yet",
    "SC Attributes FOV": 120,
    "Error Report (SC FOV Cap 120)": [
      "Set to 120 as SC can't natively run your headset's FOV",
      "Use VorpX Zoom Function"
    ],
    "Raw Calculated Pixel Zoom Minimum": 1.04365,
    "Raw Calculated Pixel Zoom Maximum": 1.0873,
    "Suggested Minimum VorpX Pixel 1:1 Zoom": 1.045,
    "Suggested Maximum VorpX Pixel 1:1 Zoom": 1.085,
    "VorpX Config Pixel 1:1 Zoom": "You will need to find this setting",
    "Native Horizontal": 2220,
    "Native Vertical": 2704,
    "Native Aspect Ratio": "555:676",
    "4:3 Translation (H-locked) Width": 2220,
    "4:3 Translation (H-locked) Height": 1666,
    "4:3 Translation (V-locked) Width": 3606,
    "4:3 Translation (V-locked) Height": 2704,
    "Custom Resolutions Horizontal Preferred": [
      "756 x 568 (25% Performance - Vertical Safe Mode)",
      "1512 x 1134 (50% Balanced Vertical)",
      "2268 x 1702 (75% Balanced Vertical)",
      "3024 x 2268 (100% High Quality Vertical)",
      "3780 x 2836 (125% Very High Quality Vertical)",
      "4536 x 3402 (150% Extremely High Quality Vertical)",
      "5292 x 3970 (175% Supreme Quality Vertical)",
      "6048 x 4536 (200% Hyperion Quality Vertical)",
      "640 x 480 (25% Performance - Horizontal Safe Mode)",
      "1280 x 960 (50% Performance - Horizontal Safe Mode)",
      "1920 x 1440 (75% Balanced Horizontal - Preferred)",
      "2560 x 1920 (100% Quality Horizontal - Preferred)",
      "3200 x 2400 (125% High Quality Horizontal - Preferred)",
      "3840 x 2880 (150% Extremely High Quality Horizontal - Preferred)",
      "4480 x 3360 (175% Extremely High Quality Horizontal - Preferred)",
      "5120 x 3840 (200% Supreme Quality Horizontal - Preferred)"
    ]
  },
  "Pimax Artisan": {
    "Headset Brand": "Pimax",
    "Headset Model": "Artisan",
    "Lens Configuration": "Tiny+PP+R90+I70",
    "Concatenated Naming": "Pimax Artisan | Tiny+PP+R90+I70",
    "Unique Database Identifier": 49,
    "FOV hor. (degrees)": 97.49,
    "FOV ver. (degrees)": -110.63,
    "FOV diag. (degrees)": 113.13,
    "Overlap (degrees)": 86.79,
    "HAM (hidden area mask - percentage)": 0.1911,
    "Rot LE (view geometry - degrees)": null,
    "Rot RE (view geometry - degrees)": null,
    "FOV H-value (variable)": 97.49,
    "FOV V-value (variable)": 110.63,
    "FOV D-Value (variable)": 113.13,
    "FOV Overlap (variable)": 86.79,
    "Render target size (native) Width": 1728,
    "Render target size (native) Height": 2632,
    "Refresh Rate Max(Hz)": 90,
    "Monitor (Ignore me)": "Not in use yet",
    "SC Attributes FOV": 110,
    "Error Report (SC FOV Cap 120)": false,
    "Raw Calculated Pixel Zoom Minimum": 1.09555,
    "Raw Calculated Pixel Zoom Maximum": 1.1911,
    "Suggested Minimum VorpX Pixel 1:1 Zoom": 1.095,
    "Suggested Maximum VorpX Pixel 1:1 Zoom": 1.19,
    "VorpX Config Pixel 1:1 Zoom": 1.145,
    "Native Horizontal": 1728,
    "Native Vertical": 2632,
    "Native Aspect Ratio": "216:329",
    "4:3 Translation (H-locked) Width": 1728,
    "4:3 Translation (H-locked) Height": 1296,
    "4:3 Translation (V-locked) Width": 3510,
    "4:3 Translation (V-locked) Height": 2632,
    "Custom Resolutions Horizontal Preferred": [
      "584 x 438 (25% Performance - Vertical Safe Mode)",
      "1168 x 876 (50% Performance - Vertical Safe Mode)",
      "1752 x 1314 (75% Balanced Vertical)",
      "2336 x 1752 (100% Balanced Vertical)",
      "2920 x 2190 (125% High Quality Vertical)",
      "3504 x 2628 (150% Very High Quality Vertical)",
      "4088 x 3066 (175% Extremely High Quality Vertical)",
      "4672 x 3504 (200% Extremely High Quality Vertical)",
      "702 x 526 (25% Performance - Horizontal Safe Mode)",
      "1404 x 1052 (50% Performance - Horizontal Safe Mode)",
      "2104 x 1578 (75% Balanced Horizontal - Preferred)",
      "2806 x 2104 (100% Quality Horizontal - Preferred)",
      "3508 x 2630 (125% Very High Quality Horizontal - Preferred)",
      "4210 x 3156 (150% Extremely High Quality Horizontal - Preferred)",
      "4910 x 3682 (175% Supreme Quality Horizontal - Preferred)",
      "5612 x 4208 (200% Ultimate Quality Horizontal - Preferred)"
    ]
  },
  "Pimax Crystal": {
    "Headset Brand": "Pimax",
    "Headset Model": "Crystal",
    "Lens Configuration": "Native+R120",
    "Concatenated Naming": "Pimax Crystal | Native+R120",
    "Unique Database Identifier": 50,
    "FOV hor. (degrees)": 103.31,
    "FOV ver. (degrees)": 103.75,
    "FOV diag. (degrees)": 115.99,
    "Overlap (degrees)": 83.31,
    "HAM (hidden area mask - percentage)": 0.0349,
    "Rot LE (view geometry - degrees)": null,
    "Rot RE (view geometry - degrees)": null,
    "FOV H-value (variable)": 103.31,
    "FOV V-value (variable)": 103.75,
    "FOV D-Value (variable)": 115.99,
    "FOV Overlap (variable)": 83.31,
    "Render target size (native) Width": 4312,
    "Render target size (native) Height": 5100,
    "Refresh Rate Max(Hz)": 120,
    "Monitor (Ignore me)": "Not in use yet",
    "SC Attributes FOV": 110,
    "Error Report (SC FOV Cap 120)": false,
    "Raw Calculated Pixel Zoom Minimum": 1.01745,
    "Raw Calculated Pixel Zoom Maximum": 1.0349,
    "Suggested Minimum VorpX Pixel 1:1 Zoom": 1.015,
    "Suggested Maximum VorpX Pixel 1:1 Zoom": 1.035,
    "VorpX Config Pixel 1:1 Zoom": 1.025,
    "Native Horizontal": 4312,
    "Native Vertical": 5100,
    "Native Aspect Ratio": "1078:1275",
    "4:3 Translation (H-locked) Width": 4312,
    "4:3 Translation (H-locked) Height": 3234,
    "4:3 Translation (V-locked) Width": 6800,
    "4:3 Translation (V-locked) Height": 5100,
    "Custom Resolutions Horizontal Preferred": [
      "1078 x 808 (25% Performance - Vertical Safe Mode)",
      "2156 x 1618 (50% Balanced Vertical)",
      "3234 x 2426 (75% High Quality Vertical)",
      "4312 x 3234 (100% Extremely High Quality Vertical)",
      "5390 x 4042 (125% Supreme Quality Vertical)",
      "6468 x 4852 (150% Hyperion Quality Vertical)",
      "7546 x 5660 (175% CrashMe Mode Vertical)",
      "8624 x 6468 (200% CrashMe Mode Vertical)",
      "1700 x 1276 (25% Balanced Horizontal - Preferred)",
      "3400 x 2550 (50% Very High Quality Horizontal - Preferred)",
      "5100 x 3826 (75% Supreme Quality Horizontal - Preferred)",
      "6800 x 5100 (100% Ludicrous Horizontal - Preferred)",
      "8500 x 6376 (125% Crash Me Mode Horizontal - Preferred)",
      "10200 x 7650 (150% Crash Me Mode Horizontal - Preferred)",
      "11900 x 8926 (175% Crash Me Mode Horizontal - Preferred)",
      "13600 x 10200 (200% Crash Me Mode Horizontal - Preferred)"
    ]
  },
  "Pimax Vision 8K Plus": {
    "Headset Brand": "Pimax",
    "Headset Model": "Vision 8K Plus",
    "Lens Configuration": "Tiny+PP+R90",
    "Concatenated Naming": "Pimax Vision 8K Plus | Tiny+PP+R90",
    "Unique Database Identifier": 66,
    "FOV hor. (degrees)": 100.29,
    "FOV ver. (degrees)": -110.04,
    "FOV diag. (degrees)": 114.2,
    "Overlap (degrees)": 86.79,
    "HAM (hidden area mask - percentage)": 0.1911,
    "Rot LE (view geometry - degrees)": null,
    "Rot RE (view geometry - degrees)": null,
    "FOV H-value (variable)": 100.29,
    "FOV V-value (variable)": 110.04,
    "FOV D-Value (variable)": 114.2,
    "FOV Overlap (variable)": 86.79,
    "Render target size (native) Width": 1776,
    "Render target size (native) Height": 2632,
    "Refresh Rate Max(Hz)": 90,
    "Monitor (Ignore me)": "Not in use yet",
    "SC Attributes FOV": 111,
    "Error Report (SC FOV Cap 120)": false,
    "Raw Calculated Pixel Zoom Minimum": 1.09555,
    "Raw Calculated Pixel Zoom Maximum": 1.1911,
    "Suggested Minimum VorpX Pixel 1:1 Zoom": 1.095,
    "Suggested Maximum VorpX Pixel 1:1 Zoom": 1.19,
    "VorpX Config Pixel 1:1 Zoom": 1.145,
    "Native Horizontal": 1776,
    "Native Vertical": 2632,
    "Native Aspect Ratio": "222:329",
    "4:3 Translation (H-locked) Width": 1776,
    "4:3 Translation (H-locked) Height": 1332,
    "4:3 Translation (V-locked) Width": 3510,
    "4:3 Translation (V-locked) Height": 2632,
    "Custom Resolutions Horizontal Preferred": [
      "838 x 628 (25% Performance - Vertical Safe Mode)",
      "1674 x 1256 (50% Balanced Vertical)",
      "2512 x 1884 (75% Quality Vertical)",
      "3348 x 2512 (100% Very High Quality Vertical)",
      "4186 x 3140 (125% Extremely High Quality Vertical)",
      "5022 x 3768 (150% Supreme Quality Vertical)",
      "5860 x 4396 (175% Ultimate Quality Vertical)",
      "6696 x 5024 (200% Hyperion Quality Vertical)",
      "702 x 526 (25% Performance - Horizontal Safe Mode)",
      "1404 x 1052 (50% Performance - Horizontal Safe Mode)",
      "2104 x 1578 (75% Balanced Horizontal - Preferred)",
      "2806 x 2104 (100% Quality Horizontal - Preferred)",
      "3508 x 2630 (125% Very High Quality Horizontal - Preferred)",
      "4210 x 3156 (150% Extremely High Quality Horizontal - Preferred)",
      "4910 x 3682 (175% Supreme Quality Horizontal - Preferred)",
      "5612 x 4208 (200% Ultimate Quality Horizontal - Preferred)"
    ]
  },
  "Pimax Vision 8K X": {
    "Headset Brand": "Pimax",
    "Headset Model": "Vision 8K X",
    "Lens Configuration": "Tiny+PP+R75",
    "Concatenated Naming": "Pimax Vision 8K X | Tiny+PP+R75",
    "Unique Database Identifier": 74,
    "FOV hor. (degrees)": 100.29,
    "FOV ver. (degrees)": -109.25,
    "FOV diag. (degrees)": 114.41,
    "Overlap (degrees)": 82.95,
    "HAM (hidden area mask - percentage)": 0.1911,
    "Rot LE (view geometry - degrees)": null,
    "Rot RE (view geometry - degrees)": null,
    "FOV H-value (variable)": 100.29,
    "FOV V-value (variable)": 109.25,
    "FOV D-Value (variable)": 114.41,
    "FOV Overlap (variable)": 82.95,
    "Render target size (native) Width": 2588,
    "Render target size (native) Height": 3948,
    "Refresh Rate Max(Hz)": 75,
    "Monitor (Ignore me)": "Not in use yet",
    "SC Attributes FOV": 111,
    "Error Report (SC FOV Cap 120)": false,
    "Raw Calculated Pixel Zoom Minimum": 1.09555,
    "Raw Calculated Pixel Zoom Maximum": 1.1911,
    "Suggested Minimum VorpX Pixel 1:1 Zoom": 1.095,
    "Suggested Maximum VorpX Pixel 1:1 Zoom": 1.19,
    "VorpX Config Pixel 1:1 Zoom": 1.145,
    "Native Horizontal": 2588,
    "Native Vertical": 3948,
    "Native Aspect Ratio": "647:987",
    "4:3 Translation (H-locked) Width": 2588,
    "4:3 Translation (H-locked) Height": 1942,
    "4:3 Translation (V-locked) Width": 5264,
    "4:3 Translation (V-locked) Height": 3948,
    "Custom Resolutions Horizontal Preferred": [
      "1252 x 940 (25% Performance - Vertical Safe Mode)",
      "2504 x 1878 (50% Quality Vertical)",
      "3756 x 2818 (75% Very High Quality Vertical)",
      "5008 x 3756 (100% Supreme Quality Vertical)",
      "6260 x 4696 (125% Hyperion Quality Vertical)",
      "7512 x 5634 (150% CrashMe Mode Vertical)",
      "8764 x 6574 (175% CrashMe Mode Vertical)",
      "10016 x 7512 (200% CrashMe Mode Vertical)",
      "1054 x 790 (25% Performance - Horizontal Safe Mode)",
      "2108 x 1580 (50% Balanced Horizontal - Preferred)",
      "3160 x 2370 (75% High Quality Horizontal - Preferred)",
      "4214 x 3160 (100% Extremely High Quality Horizontal - Preferred)",
      "5268 x 3950 (125% Supreme Quality Horizontal - Preferred)",
      "6322 x 4740 (150% Hyperion Quality Horizontal - Preferred)",
      "7374 x 5530 (175% Crash Me Mode Horizontal - Preferred)",
      "8428 x 6320 (200% Crash Me Mode Horizontal - Preferred)"
    ]
  },
  "StarVR One": {
    "Headset Brand": "StarVR",
    "Headset Model": "One",
    "Lens Configuration": "Normal+Native+R90",
    "Concatenated Naming": "StarVR One | Normal+Native+R90",
    "Unique Database Identifier": 76,
    "FOV hor. (degrees)": 177.55,
    "FOV ver. (degrees)": 117.45,
    "FOV diag. (degrees)": 176.68,
    "Overlap (degrees)": 80.65,
    "HAM (hidden area mask - percentage)": 0.2819,
    "Rot LE (view geometry - degrees)": -24.2,
    "Rot RE (view geometry - degrees)": 24.2,
    "FOV H-value (variable)": 177.55,
    "FOV V-value (variable)": 117.45,
    "FOV D-Value (variable)": 176.68,
    "FOV Overlap (variable)": 80.65,
    "Render target size (native) Width": 5720,
    "Render target size (native) Height": 4304,
    "Refresh Rate Max(Hz)": 90,
    "Monitor (Ignore me)": "Not in use yet",
    "SC Attributes FOV": 120,
    "Error Report (SC FOV Cap 120)": [
      "Set to 120 as SC can't natively run your headset's FOV",
      "Use VorpX Zoom Function"
    ],
    "Raw Calculated Pixel Zoom Minimum": 1.14095,
    "Raw Calculated Pixel Zoom Maximum": 1.2819,
    "Suggested Minimum VorpX Pixel 1:1 Zoom": 1.14,
    "Suggested Maximum VorpX Pixel 1:1 Zoom": 1.28,
    "VorpX Config Pixel 1:1 Zoom": "You will need to find this setting",
    "Native Horizontal": 5720,
    "Native Vertical": 4304,
    "Native Aspect Ratio": "715:538",
    "4:3 Translation (H-locked) Width": 5720,
    "4:3 Translation (H-locked) Height": 4290,
    "4:3 Translation (V-locked) Width": 5738,
    "4:3 Translation (V-locked) Height": 4304,
    "Custom Resolutions Horizontal Preferred": [
      "360 x 270 (25% Performance - Vertical Safe Mode)",
      "720 x 540 (50% Performance - Vertical Safe Mode)",
      "1080 x 810 (75% Performance - Vertical Safe Mode)",
      "1440 x 1080 (100% Balanced Vertical)",
      "1800 x 1350 (125% Balanced Vertical)",
      "2160 x 1620 (150% Balanced Vertical)",
      "2520 x 1890 (175% Quality Vertical)",
      "2880 x 2160 (200% High Quality Vertical)",
      "480 x 360 (25% Performance - Horizontal Safe Mode)",
      "960 x 720 (50% Performance - Horizontal Safe Mode)",
      "1440 x 1080 (75% Balanced Horizontal - Preferred)",
      "1920 x 1440 (100% Balanced Horizontal - Preferred)",
      "2400 x 1800 (125% Quality Horizontal - Preferred)",
      "2880 x 2160 (150% High Quality Horizontal - Preferred)",
      "3360 x 2520 (175% Very High Quality Horizontal - Preferred)",
      "3840 x 2880 (200% Extremely High Quality Horizontal - Preferred)"
    ]
  },
  "Valve Index": {
    "Headset Brand": "Valve",
    "Headset Model": "Index",
    "Lens Configuration": "PP+R144",
    "Concatenated Naming": "Valve Index | PP+R144",
    "Unique Database Identifier": 78,
    "FOV hor. (degrees)": 109.26,
    "FOV ver. (degrees)": -108.47,
    "FOV diag. (degrees)": 114.19,
    "Overlap (degrees)": 84.13,
    "HAM (hidden area mask - percentage)": 0.2488,
    "Rot LE (view geometry - degrees)": null,
    "Rot RE (view geometry - degrees)": null,
    "FOV H-value (variable)": 109.26,
    "FOV V-value (variable)": 108.47,
    "FOV D-Value (variable)": 114.19,
    "FOV Overlap (variable)": 84.13,
    "Render target size (native) Width": 2468,
    "Render target size (native) Height": 2740,
    "Refresh Rate Max(Hz)": 144,
    "Monitor (Ignore me)": "Not in use yet",
    "SC Attributes FOV": 113,
    "Error Report (SC FOV Cap 120)": false,
    "Raw Calculated Pixel Zoom Minimum": 1.1244,
    "Raw Calculated Pixel Zoom Maximum": 1.2488,
    "Suggested Minimum VorpX Pixel 1:1 Zoom": 1.125,
    "Suggested Maximum VorpX Pixel 1:1 Zoom": 1.25,
    "VorpX Config Pixel 1:1 Zoom": 1.19,
    "Native Horizontal": 2468,
    "Native Vertical": 2740,
    "Native Aspect Ratio": "617:685",
    "4:3 Translation (H-locked) Width": 2468,
    "4:3 Translation (H-locked) Height": 1852,
    "4:3 Translation (V-locked) Width": 3654,
    "4:3 Translation (V-locked) Height": 2740,
    "Custom Resolutions Horizontal Preferred": [
      "618 x 464 (25% Performance - Vertical Safe Mode)",
      "1234 x 926 (50% Performance - Vertical Safe Mode)",
      "1852 x 1390 (75% Balanced Vertical)",
      "2468 x 1852 (100% Quality Vertical)",
      "3086 x 2316 (125% High Quality Vertical)",
      "3702 x 2778 (150% Very High Quality Vertical)",
      "4320 x 3242 (175% Extremely High Quality Vertical)",
      "4936 x 3704 (200% Supreme Quality Vertical)",
      "914 x 686 (25% Performance - Horizontal Safe Mode)",
      "1828 x 1370 (50% Balanced Horizontal - Preferred)",
      "2740 x 2056 (75% Quality Horizontal - Preferred)",
      "3654 x 2740 (100% Very High Quality Horizontal - Preferred)",
      "4568 x 3426 (125% Extremely High Quality Horizontal - Preferred)",
      "5482 x 4110 (150% Ultimate Quality Horizontal - Preferred)",
      "6394 x 4796 (175% Hyperion Quality Horizontal - Preferred)",
      "7308 x 5480 (200% Crash Me Mode Horizontal - Preferred)"
    ]
  },
  "Varjo Aero": {
    "Headset Brand": "Varjo",
    "Headset Model": "Aero",
    "Lens Configuration": "Native+R90",
    "Concatenated Naming": "Varjo Aero | Native+R90",
    "Unique Database Identifier": 79,
    "FOV hor. (degrees)": 110.76,
    "FOV ver. (degrees)": 85.61,
    "FOV diag. (degrees)": 121.17,
    "Overlap (degrees)": 70.02,
    "HAM (hidden area mask - percentage)": 0.0583,
    "Rot LE (view geometry - degrees)": null,
    "Rot RE (view geometry - degrees)": null,
    "FOV H-value (variable)": 110.76,
    "FOV V-value (variable)": 85.61,
    "FOV D-Value (variable)": 121.17,
    "FOV Overlap (variable)": 70.02,
    "Render target size (native) Width": 4148,
    "Render target size (native) Height": 3556,
    "Refresh Rate Max(Hz)": 90,
    "Monitor (Ignore me)": "Not in use yet",
    "SC Attributes FOV": 110,
    "Error Report (SC FOV Cap 120)": false,
    "Raw Calculated Pixel Zoom Minimum": 1.02915,
    "Raw Calculated Pixel Zoom Maximum": 1.0583,
    "Suggested Minimum VorpX Pixel 1:1 Zoom": 1.03,
    "Suggested Maximum VorpX Pixel 1:1 Zoom": 1.06,
    "VorpX Config Pixel 1:1 Zoom": 1.045,
    "Native Horizontal": 4148,
    "Native Vertical": 3556,
    "Native Aspect Ratio": "1037:889",
    "4:3 Translation (H-locked) Width": 4148,
    "4:3 Translation (H-locked) Height": 3112,
    "4:3 Translation (V-locked) Width": 4742,
    "4:3 Translation (V-locked) Height": 3556,
    "Custom Resolutions Horizontal Preferred": [
      "1038 x 778 (25% Performance - Vertical Safe Mode)",
      "2074 x 1556 (50% Balanced Vertical)",
      "3112 x 2334 (75% High Quality Vertical)",
      "4148 x 3112 (100% Extremely High Quality Vertical)",
      "5186 x 3890 (125% Supreme Quality Vertical)",
      "6222 x 4668 (150% Hyperion Quality Vertical)",
      "7260 x 5446 (175% CrashMe Mode Vertical)",
      "8296 x 6224 (200% CrashMe Mode Vertical)",
      "1186 x 890 (25% Performance - Horizontal Safe Mode)",
      "2372 x 1778 (50% Balanced Horizontal - Preferred)",
      "3556 x 2668 (75% Very High Quality Horizontal - Preferred)",
      "4742 x 3556 (100% Extremely High Quality Horizontal - Preferred)",
      "5928 x 4446 (125% Ultimate Quality Horizontal - Preferred)",
      "7114 x 5334 (150% Ludicrous Horizontal - Preferred)",
      "8298 x 6224 (175% Crash Me Mode Horizontal - Preferred)",
      "9484 x 7112 (200% Crash Me Mode Horizontal - Preferred)"
    ]
  },
  "Varjo VR-2": {
    "Headset Brand": "Varjo",
    "Headset Model": "VR-2",
    "Lens Configuration": "Native+R60",
    "Concatenated Naming": "Varjo VR-2 | Native+R60",
    "Unique Database Identifier": 80,
    "FOV hor. (degrees)": 89.3,
    "FOV ver. (degrees)": 89.3,
    "FOV diag. (degrees)": 92.42,
    "Overlap (degrees)": 71.64,
    "HAM (hidden area mask - percentage)": 0.1784,
    "Rot LE (view geometry - degrees)": null,
    "Rot RE (view geometry - degrees)": null,
    "FOV H-value (variable)": 89.3,
    "FOV V-value (variable)": 89.3,
    "FOV D-Value (variable)": 92.42,
    "FOV Overlap (variable)": 71.64,
    "Render target size (native) Width": 2048,
    "Render target size (native) Height": 2048,
    "Refresh Rate Max(Hz)": 60,
    "Monitor (Ignore me)": "Not in use yet",
    "SC Attributes FOV": 92,
    "Error Report (SC FOV Cap 120)": false,
    "Raw Calculated Pixel Zoom Minimum": 1.0892,
    "Raw Calculated Pixel Zoom Maximum": 1.1784,
    "Suggested Minimum VorpX Pixel 1:1 Zoom": 1.09,
    "Suggested Maximum VorpX Pixel 1:1 Zoom": 1.18,
    "VorpX Config Pixel 1:1 Zoom": 1.135,
    "Native Horizontal": 2048,
    "Native Vertical": 2048,
    "Native Aspect Ratio": "1:1",
    "4:3 Translation (H-locked) Width": 2048,
    "4:3 Translation (H-locked) Height": 1536,
    "4:3 Translation (V-locked) Width": 2730,
    "4:3 Translation (V-locked) Height": 2048,
    "Custom Resolutions Horizontal Preferred": [
      "512 x 384 (25% Performance - Horizontal Safe Mode)",
      "1024 x 768 (50% Performance - Horizontal Safe Mode)",
      "1536 x 1152 (75% Balanced Vertical)",
      "2048 x 1536 (100% Balanced Vertical)",
      "2560 x 1920 (125% Quality Vertical)",
      "3072 x 2304 (150% High Quality Vertical)",
      "3584 x 2688 (175% Very High Quality Vertical)",
      "4096 x 3072 (200% Extremely High Quality Vertical)",
      "682 x 512 (25% Performance - Vertical Safe Mode)",
      "1366 x 1024 (50% Performance - Vertical Safe Mode)",
      "2048 x 1536 (75% Balanced Horizontal - Preferred)",
      "2730 x 2048 (100% Quality Horizontal - Preferred)",
      "3412 x 2560 (125% Very High Quality Horizontal - Preferred)",
      "4096 x 3072 (150% Extremely High Quality Horizontal - Preferred)",
      "4778 x 3584 (175% Extremely High Quality Horizontal - Preferred)",
      "5460 x 4096 (200% Ultimate Quality Horizontal - Preferred)"
    ]
  },
  "Varjo XR-1": {
    "Headset Brand": "Varjo",
    "Headset Model": "XR-1",
    "Lens Configuration": "Native+R60",
    "Concatenated Naming": "Varjo XR-1 | Native+R60",
    "Unique Database Identifier": 81,
    "FOV hor. (degrees)": 89.12,
    "FOV ver. (degrees)": 89.32,
    "FOV diag. (degrees)": 92.28,
    "Overlap (degrees)": 72.27,
    "HAM (hidden area mask - percentage)": 0.1784,
    "Rot LE (view geometry - degrees)": null,
    "Rot RE (view geometry - degrees)": null,
    "FOV H-value (variable)": 89.12,
    "FOV V-value (variable)": 89.32,
    "FOV D-Value (variable)": 92.28,
    "FOV Overlap (variable)": 72.27,
    "Render target size (native) Width": 2048,
    "Render target size (native) Height": 2048,
    "Refresh Rate Max(Hz)": 60,
    "Monitor (Ignore me)": "Not in use yet",
    "SC Attributes FOV": 92,
    "Error Report (SC FOV Cap 120)": false,
    "Raw Calculated Pixel Zoom Minimum": 1.0892,
    "Raw Calculated Pixel Zoom Maximum": 1.1784,
    "Suggested Minimum VorpX Pixel 1:1 Zoom": 1.09,
    "Suggested Maximum VorpX Pixel 1:1 Zoom": 1.18,
    "VorpX Config Pixel 1:1 Zoom": 1.135,
    "Native Horizontal": 2048,
    "Native Vertical": 2048,
    "Native Aspect Ratio": "1:1",
    "4:3 Translation (H-locked) Width": 2048,
    "4:3 Translation (H-locked) Height": 1536,
    "4:3 Translation (V-locked) Width": 2730,
    "4:3 Translation (V-locked) Height": 2048,
    "Custom Resolutions Horizontal Preferred": [
      "512 x 384 (25% Performance - Horizontal Safe Mode)",
      "1024 x 768 (50% Performance - Horizontal Safe Mode)",
      "1536 x 1152 (75% Balanced Vertical)",
      "2048 x 1536 (100% Balanced Vertical)",
      "2560 x 1920 (125% Quality Vertical)",
      "3072 x 2304 (150% High Quality Vertical)",
      "3584 x 2688 (175% Very High Quality Vertical)",
      "4096 x 3072 (200% Extremely High Quality Vertical)",
      "682 x 512 (25% Performance -  Vertical Safe Mode)",
      "1366 x 1024 (50% Performance - Vertical Safe Mode)",
      "2048 x 1536 (75% Balanced Horizontal - Preferred)",
      "2730 x 2048 (100% Quality Horizontal - Preferred)",
      "3412 x 2560 (125% Very High Quality Horizontal - Preferred)",
      "4096 x 3072 (150% Extremely High Quality Horizontal - Preferred)",
      "4778 x 3584 (175% Extremely High Quality Horizontal - Preferred)",
      "5460 x 4096 (200% Ultimate Quality Horizontal - Preferred)"
    ]
  }
}